{
  "eps": 1e-08,
  "mean": [
    0.10448108613491058,
    0.02002546563744545,
    0.023090479895472527
  ],
  "std": [
    50.194557189941406,
    60.0904541015625,
    56.332847595214844
  ]
}