{
  "threshold": 0.5213757455348969,
  "mean": 0.5171108841896057,
  "median": 0.5180190205574036,
  "std": 0.00923958607017994,
  "p90": 0.5288823187351227,
  "n_rest_trials": 50
}