{
  "eps": 1e-08,
  "mean": [
    0.13556307554244995,
    -0.03247317671775818,
    -0.0632195994257927
  ],
  "std": [
    57.490478515625,
    69.04483795166016,
    64.426025390625
  ]
}