{
  "threshold": 0.5904285907745361,
  "mean": 0.560563862323761,
  "median": 0.5323355793952942,
  "std": 0.06555519998073578,
  "p90": 0.6509862542152405,
  "n_rest_trials": 50
}