{
  "threshold": 0.509586751461029,
  "mean": 0.5067145824432373,
  "median": 0.5058400630950928,
  "std": 0.004320574924349785,
  "p75": 0.509586751461029,
  "p90": 0.513555109500885,
  "recommended_min": 0.4595867395401001,
  "recommended_max": 0.559586763381958,
  "n_rest_trials": 50
}