{
  "test_loss": 0.5933555364608765,
  "test_accuracy": 0.688858687877655,
  "classification_report": {
    "Left Hand": {
      "precision": 0.7032163742690059,
      "recall": 0.6535326086956522,
      "f1-score": 0.6774647887323944,
      "support": 736.0
    },
    "Right Hand": {
      "precision": 0.6763959390862944,
      "recall": 0.7241847826086957,
      "f1-score": 0.699475065616798,
      "support": 736.0
    },
    "accuracy": 0.688858695652174,
    "macro avg": {
      "precision": 0.6898061566776501,
      "recall": 0.688858695652174,
      "f1-score": 0.6884699271745962,
      "support": 1472.0
    },
    "weighted avg": {
      "precision": 0.6898061566776501,
      "recall": 0.688858695652174,
      "f1-score": 0.6884699271745961,
      "support": 1472.0
    }
  },
  "confusion_matrix": [
    [
      481,
      255
    ],
    [
      203,
      533
    ]
  ],
  "target_names": [
    "Left Hand",
    "Right Hand"
  ],
  "is_new_best": true,
  "previous_best": 0.6861
}