{
  "test_loss": 0.6112186908721924,
  "test_accuracy": 0.6664401888847351,
  "classification_report": {
    "Left Hand": {
      "precision": 0.6718092566619915,
      "recall": 0.6508152173913043,
      "f1-score": 0.6611456176673568,
      "support": 736.0
    },
    "Right Hand": {
      "precision": 0.6613965744400527,
      "recall": 0.6820652173913043,
      "f1-score": 0.671571906354515,
      "support": 736.0
    },
    "accuracy": 0.6664402173913043,
    "macro avg": {
      "precision": 0.6666029155510221,
      "recall": 0.6664402173913043,
      "f1-score": 0.6663587620109359,
      "support": 1472.0
    },
    "weighted avg": {
      "precision": 0.6666029155510221,
      "recall": 0.6664402173913043,
      "f1-score": 0.6663587620109359,
      "support": 1472.0
    }
  },
  "confusion_matrix": [
    [
      479,
      257
    ],
    [
      234,
      502
    ]
  ],
  "target_names": [
    "Left Hand",
    "Right Hand"
  ],
  "is_new_best": false,
  "current_best": 0.6861
}