{
  "test_loss": 0.5725595951080322,
  "test_accuracy": 0.7119565010070801,
  "classification_report": {
    "Left Hand": {
      "precision": 0.7191011235955056,
      "recall": 0.6956521739130435,
      "f1-score": 0.7071823204419889,
      "support": 368.0
    },
    "Right Hand": {
      "precision": 0.7052631578947368,
      "recall": 0.7282608695652174,
      "f1-score": 0.7165775401069518,
      "support": 368.0
    },
    "accuracy": 0.7119565217391305,
    "macro avg": {
      "precision": 0.7121821407451212,
      "recall": 0.7119565217391304,
      "f1-score": 0.7118799302744704,
      "support": 736.0
    },
    "weighted avg": {
      "precision": 0.7121821407451211,
      "recall": 0.7119565217391305,
      "f1-score": 0.7118799302744705,
      "support": 736.0
    }
  },
  "confusion_matrix": [
    [
      256,
      112
    ],
    [
      100,
      268
    ]
  ],
  "target_names": [
    "Left Hand",
    "Right Hand"
  ],
  "is_new_best": true,
  "previous_best": 0.688858687877655
}