{
  "test_loss": 0.4965835213661194,
  "test_accuracy": 0.7616197466850281,
  "classification_report": {
    "Left Hand": {
      "precision": 0.7778608825729244,
      "recall": 0.7323943661971831,
      "f1-score": 0.7544432354007979,
      "support": 1420.0
    },
    "Right Hand": {
      "precision": 0.7471723220226214,
      "recall": 0.7908450704225352,
      "f1-score": 0.7683886418063633,
      "support": 1420.0
    },
    "accuracy": 0.7616197183098592,
    "macro avg": {
      "precision": 0.762516602297773,
      "recall": 0.7616197183098592,
      "f1-score": 0.7614159386035806,
      "support": 2840.0
    },
    "weighted avg": {
      "precision": 0.762516602297773,
      "recall": 0.7616197183098592,
      "f1-score": 0.7614159386035806,
      "support": 2840.0
    }
  },
  "confusion_matrix": [
    [
      1040,
      380
    ],
    [
      297,
      1123
    ]
  ],
  "target_names": [
    "Left Hand",
    "Right Hand"
  ],
  "is_new_best": true,
  "previous_best": 0.7119565010070801
}