{
  "bci": {
    "name": "bci4_2b",
    "shape": [
      6520,
      3,
      1000
    ],
    "sampling_rate": 250.0,
    "channel_std_mean": [
      4.543539524078369,
      4.629179954528809,
      4.447103023529053
    ],
    "mu_power_mean": [
      3.071944304888264,
      3.6914253932120977,
      3.0846096062042903
    ],
    "beta_power_mean": [
      2.229420129741814,
      2.3282264540250637,
      2.294807470019124
    ],
    "line50_to_motor_ratio": 0.0011257594332156867,
    "class_separation": {
      "classes": [
        0,
        1
      ],
      "effect_size_per_feature": [
        0.01325774380549985,
        0.009355037592062238,
        0.00310653248531701,
        0.0015664787705916142,
        0.011074278366360627,
        0.007371327514572062
      ],
      "mean_effect_size": 0.0076218997557339005
    }
  },
  "personal": {
    "name": "personal_npg",
    "shape": [
      299,
      3,
      1000
    ],
    "sampling_rate": 250.0,
    "channel_std_mean": [
      1.0,
      1.0,
      1.0
    ],
    "mu_power_mean": [
      0.12337326982744654,
      0.12692285227758385,
      0.12170083327128488
    ],
    "beta_power_mean": [
      0.36494247830391807,
      0.3834020654568976,
      0.3702506463448313
    ],
    "line50_to_motor_ratio": 0.0007953027486223488,
    "class_separation": {
      "classes": [
        0,
        1
      ],
      "effect_size_per_feature": [
        0.08627749199803655,
        0.255785264896082,
        0.16560745777501742,
        0.13349205325447216,
        0.1854808712833906,
        0.21355348740762234
      ],
      "mean_effect_size": 0.1733661044357702
    }
  },
  "feature_frechet_distance": 32.36615918573375,
  "recommendations": [
    "Amplitude scale mismatch detected; test z-score normalization ON for realtime.",
    "Domain shift is high; fine-tune final dense layer on personal labeled data.",
    "Evaluate both --laplacian and --no-laplacian using the same session and keep whichever gives better class separation.",
    "Use class-gap decision with a safer margin (start 0.05, try 0.08 if toggling remains unstable)."
  ]
}