{
  "bci": {
    "name": "bci4_2b",
    "shape": [
      6520,
      3,
      1000
    ],
    "sampling_rate": 250.0,
    "channel_std_mean": [
      4.543539524078369,
      4.629179954528809,
      4.447103023529053
    ],
    "mu_power_mean": [
      3.071944304888264,
      3.6914253932120977,
      3.0846096062042903
    ],
    "beta_power_mean": [
      2.229420129741814,
      2.3282264540250637,
      2.294807470019124
    ],
    "line50_to_motor_ratio": 0.0011257594332156867,
    "class_separation": {
      "classes": [
        0,
        1
      ],
      "effect_size_per_feature": [
        0.01325774380549985,
        0.009355037592062238,
        0.00310653248531701,
        0.0015664787705916142,
        0.011074278366360627,
        0.007371327514572062
      ],
      "mean_effect_size": 0.0076218997557339005
    }
  },
  "personal": {
    "name": "personal_npg",
    "shape": [
      299,
      3,
      1000
    ],
    "sampling_rate": 250.0,
    "channel_std_mean": [
      181.75904846191406,
      172.84567260742188,
      154.55191040039062
    ],
    "mu_power_mean": [
      83.15699607425682,
      77.68192816685622,
      72.09532867475058
    ],
    "beta_power_mean": [
      278.9152193012263,
      271.5145498201723,
      248.41439547208972
    ],
    "line50_to_motor_ratio": 3.2834992915467223,
    "class_separation": {
      "classes": [
        0,
        1
      ],
      "effect_size_per_feature": [
        0.17024299001571247,
        0.14630321790586961,
        0.14335269789680927,
        0.15487645108700368,
        0.15537367512965444,
        0.15567085551368723
      ],
      "mean_effect_size": 0.1543033145914561
    }
  },
  "feature_frechet_distance": 59.024289576121035,
  "recommendations": [
    "Powerline noise is higher in personal data; keep notch enabled and improve grounding/contact.",
    "Amplitude scale mismatch detected; test z-score normalization ON for realtime.",
    "Domain shift is high; fine-tune final dense layer on personal labeled data.",
    "Evaluate both --laplacian and --no-laplacian using the same session and keep whichever gives better class separation.",
    "Use class-gap decision with a safer margin (start 0.05, try 0.08 if toggling remains unstable)."
  ]
}